<?xml version="1.0" encoding="utf-8" ?>
<SampleMetadata>
	<ID>31b363e6-54aa-11e4-9f09-a8206629811d</ID>
	<IsFullApplication>true</IsFullApplication>
	<Level>Intermediate</Level>
	<Tags>iOS8, Data, Platform Features, Cloud, Notifications, Getting Started</Tags>
	<SupportedPlatforms>iOS</SupportedPlatforms>
	<Gallery>true</Gallery>
	<MinimumLicenseRequirement>Starter</MinimumLicenseRequirement>
	<Brief>This sample shows how to use CloudKit to upload and retrieve CKRecords and associated assets.</Brief>
</SampleMetadata>
